{
 "Resources": {
  "group1": {
   "Type": "AWS::IAM::Group",
   "Properties": {
    "GroupName": "group1",
    "Policies": [
     {
      "PolicyDocument": {
       "Statement": [
        {
         "Action": [
          "ec2:*",
          "s3:*",
          "sagemaker:*"
         ],
         "Effect": "Allow",
         "Resource": "*"
        }
       ],
       "Version": "2012-10-17"
      },
      "PolicyName": "policyNamegroup1"
     }
    ]
   },
   "Metadata": {
    "aws:cdk:path": "CdkJavaStack/group1"
   }
  },
  "group3": {
   "Type": "AWS::IAM::Group",
   "Properties": {
    "GroupName": "group3",
    "Policies": [
     {
      "PolicyDocument": {
       "Statement": [
        {
         "Action": [
          "eks:*",
          "iam:*"
         ],
         "Effect": "Allow",
         "Resource": "*"
        }
       ],
       "Version": "2012-10-17"
      },
      "PolicyName": "policyNamegroup3"
     }
    ]
   },
   "Metadata": {
    "aws:cdk:path": "CdkJavaStack/group3"
   }
  },
  "group4": {
   "Type": "AWS::IAM::Group",
   "Properties": {
    "GroupName": "group4",
    "Policies": [
     {
      "PolicyDocument": {
       "Statement": [
        {
         "Action": [
          "eks:*",
          "iam:*"
         ],
         "Effect": "Allow",
         "Resource": "*"
        }
       ],
       "Version": "2012-10-17"
      },
      "PolicyName": "policyNamegroup4"
     }
    ]
   },
   "Metadata": {
    "aws:cdk:path": "CdkJavaStack/group4"
   }
  },
  "user1": {
   "Type": "AWS::IAM::User",
   "Properties": {
    "UserName": "user1"
   },
   "Metadata": {
    "aws:cdk:path": "CdkJavaStack/user1"
   }
  },
  "user2": {
   "Type": "AWS::IAM::User",
   "Properties": {
    "UserName": "user2"
   },
   "Metadata": {
    "aws:cdk:path": "CdkJavaStack/user2"
   }
  },
  "user3": {
   "Type": "AWS::IAM::User",
   "Properties": {
    "UserName": "user3"
   },
   "Metadata": {
    "aws:cdk:path": "CdkJavaStack/user3"
   }
  },
  "MyCfnUserToGroupAdditiongroup1": {
   "Type": "AWS::IAM::UserToGroupAddition",
   "Properties": {
    "GroupName": "group1",
    "Users": [
     "user1",
     "user2",
     "user3"
    ]
   },
   "DependsOn": [
    "group1",
    "user1",
    "user2",
    "user3"
   ],
   "Metadata": {
    "aws:cdk:path": "CdkJavaStack/MyCfnUserToGroupAdditiongroup1"
   }
  },
  "MyCfnUserToGroupAdditiongroup3": {
   "Type": "AWS::IAM::UserToGroupAddition",
   "Properties": {
    "GroupName": "group3",
    "Users": [
     "user1",
     "user2"
    ]
   },
   "DependsOn": [
    "group3",
    "user1",
    "user2"
   ],
   "Metadata": {
    "aws:cdk:path": "CdkJavaStack/MyCfnUserToGroupAdditiongroup3"
   }
  },
  "MyCfnUserToGroupAdditiongroup4": {
   "Type": "AWS::IAM::UserToGroupAddition",
   "Properties": {
    "GroupName": "group4",
    "Users": [
     "user1",
     "user2",
     "user3"
    ]
   },
   "DependsOn": [
    "group4",
    "user1",
    "user2",
    "user3"
   ],
   "Metadata": {
    "aws:cdk:path": "CdkJavaStack/MyCfnUserToGroupAdditiongroup4"
   }
  },
  "CDKMetadata": {
   "Type": "AWS::CDK::Metadata",
   "Properties": {
    "Analytics": "v2:deflate64:H4sIAAAAAAAA/zPSMzHXM1BMLC/WTU7J1s3JTNKrDi5JTM7WAQrFZybm6lU7p+W5F+WXFugAGaHFqUUwOiQfLOyYkpJZkpmfVwsSD0otzi8tSk6t1fFKLEvUNzTUM9AztFDMKs7M1C0qzSvJzE3VC4LQAM8poFp6AAAA"
   },
   "Metadata": {
    "aws:cdk:path": "CdkJavaStack/CDKMetadata/Default"
   }
  }
 },
 "Parameters": {
  "BootstrapVersion": {
   "Type": "AWS::SSM::Parameter::Value<String>",
   "Default": "/cdk-bootstrap/hnb659fds/version",
   "Description": "Version of the CDK Bootstrap resources in this environment, automatically retrieved from SSM Parameter Store. [cdk:skip]"
  }
 },
 "Rules": {
  "CheckBootstrapVersion": {
   "Assertions": [
    {
     "Assert": {
      "Fn::Not": [
       {
        "Fn::Contains": [
         [
          "1",
          "2",
          "3",
          "4",
          "5"
         ],
         {
          "Ref": "BootstrapVersion"
         }
        ]
       }
      ]
     },
     "AssertDescription": "CDK bootstrap stack version 6 required. Please run 'cdk bootstrap' with a recent version of the CDK CLI."
    }
   ]
  }
 }
}