{
  "version": "21.0.0",
  "files": {
    "502ce11a8acd3465c4bd5a3473067ba34fc2fa8a2aa124f786a631a226173a38": {
      "source": {
        "path": "CdkJavaStack.template.json",
        "packaging": "file"
      },
      "destinations": {
        "080266302756-us-east-1": {
          "bucketName": "cdk-hnb659fds-assets-080266302756-us-east-1",
          "objectKey": "502ce11a8acd3465c4bd5a3473067ba34fc2fa8a2aa124f786a631a226173a38.json",
          "region": "us-east-1",
          "assumeRoleArn": "arn:${AWS::Partition}:iam::080266302756:role/cdk-hnb659fds-file-publishing-role-080266302756-us-east-1"
        }
      }
    }
  },
  "dockerImages": {}
}