{
  "version": "tree-0.1",
  "tree": {
    "id": "App",
    "path": "",
    "children": {
      "Tree": {
        "id": "Tree",
        "path": "Tree",
        "constructInfo": {
          "fqn": "constructs.Construct",
          "version": "10.1.231"
        }
      },
      "CdkJavaStack": {
        "id": "CdkJavaStack",
        "path": "CdkJavaStack",
        "children": {
          "group1": {
            "id": "group1",
            "path": "CdkJavaStack/group1",
            "attributes": {
              "aws:cdk:cloudformation:type": "AWS::IAM::Group",
              "aws:cdk:cloudformation:props": {
                "groupName": "group1",
                "policies": [
                  {
                    "policyDocument": {
                      "Statement": [
                        {
                          "Action": [
                            "ec2:*",
                            "s3:*",
                            "sagemaker:*"
                          ],
                          "Effect": "Allow",
                          "Resource": "*"
                        }
                      ],
                      "Version": "2012-10-17"
                    },
                    "policyName": "policyNamegroup1"
                  }
                ]
              }
            },
            "constructInfo": {
              "fqn": "aws-cdk-lib.aws_iam.CfnGroup",
              "version": "2.47.0"
            }
          },
          "group3": {
            "id": "group3",
            "path": "CdkJavaStack/group3",
            "attributes": {
              "aws:cdk:cloudformation:type": "AWS::IAM::Group",
              "aws:cdk:cloudformation:props": {
                "groupName": "group3",
                "policies": [
                  {
                    "policyDocument": {
                      "Statement": [
                        {
                          "Action": [
                            "eks:*",
                            "iam:*"
                          ],
                          "Effect": "Allow",
                          "Resource": "*"
                        }
                      ],
                      "Version": "2012-10-17"
                    },
                    "policyName": "policyNamegroup3"
                  }
                ]
              }
            },
            "constructInfo": {
              "fqn": "aws-cdk-lib.aws_iam.CfnGroup",
              "version": "2.47.0"
            }
          },
          "group4": {
            "id": "group4",
            "path": "CdkJavaStack/group4",
            "attributes": {
              "aws:cdk:cloudformation:type": "AWS::IAM::Group",
              "aws:cdk:cloudformation:props": {
                "groupName": "group4",
                "policies": [
                  {
                    "policyDocument": {
                      "Statement": [
                        {
                          "Action": [
                            "eks:*",
                            "iam:*"
                          ],
                          "Effect": "Allow",
                          "Resource": "*"
                        }
                      ],
                      "Version": "2012-10-17"
                    },
                    "policyName": "policyNamegroup4"
                  }
                ]
              }
            },
            "constructInfo": {
              "fqn": "aws-cdk-lib.aws_iam.CfnGroup",
              "version": "2.47.0"
            }
          },
          "user1": {
            "id": "user1",
            "path": "CdkJavaStack/user1",
            "attributes": {
              "aws:cdk:cloudformation:type": "AWS::IAM::User",
              "aws:cdk:cloudformation:props": {
                "userName": "user1"
              }
            },
            "constructInfo": {
              "fqn": "aws-cdk-lib.aws_iam.CfnUser",
              "version": "2.47.0"
            }
          },
          "user2": {
            "id": "user2",
            "path": "CdkJavaStack/user2",
            "attributes": {
              "aws:cdk:cloudformation:type": "AWS::IAM::User",
              "aws:cdk:cloudformation:props": {
                "userName": "user2"
              }
            },
            "constructInfo": {
              "fqn": "aws-cdk-lib.aws_iam.CfnUser",
              "version": "2.47.0"
            }
          },
          "user3": {
            "id": "user3",
            "path": "CdkJavaStack/user3",
            "attributes": {
              "aws:cdk:cloudformation:type": "AWS::IAM::User",
              "aws:cdk:cloudformation:props": {
                "userName": "user3"
              }
            },
            "constructInfo": {
              "fqn": "aws-cdk-lib.aws_iam.CfnUser",
              "version": "2.47.0"
            }
          },
          "MyCfnUserToGroupAdditiongroup1": {
            "id": "MyCfnUserToGroupAdditiongroup1",
            "path": "CdkJavaStack/MyCfnUserToGroupAdditiongroup1",
            "attributes": {
              "aws:cdk:cloudformation:type": "AWS::IAM::UserToGroupAddition",
              "aws:cdk:cloudformation:props": {
                "groupName": "group1",
                "users": [
                  "user1",
                  "user2",
                  "user3"
                ]
              }
            },
            "constructInfo": {
              "fqn": "aws-cdk-lib.aws_iam.CfnUserToGroupAddition",
              "version": "2.47.0"
            }
          },
          "MyCfnUserToGroupAdditiongroup3": {
            "id": "MyCfnUserToGroupAdditiongroup3",
            "path": "CdkJavaStack/MyCfnUserToGroupAdditiongroup3",
            "attributes": {
              "aws:cdk:cloudformation:type": "AWS::IAM::UserToGroupAddition",
              "aws:cdk:cloudformation:props": {
                "groupName": "group3",
                "users": [
                  "user1",
                  "user2"
                ]
              }
            },
            "constructInfo": {
              "fqn": "aws-cdk-lib.aws_iam.CfnUserToGroupAddition",
              "version": "2.47.0"
            }
          },
          "MyCfnUserToGroupAdditiongroup4": {
            "id": "MyCfnUserToGroupAdditiongroup4",
            "path": "CdkJavaStack/MyCfnUserToGroupAdditiongroup4",
            "attributes": {
              "aws:cdk:cloudformation:type": "AWS::IAM::UserToGroupAddition",
              "aws:cdk:cloudformation:props": {
                "groupName": "group4",
                "users": [
                  "user1",
                  "user2",
                  "user3"
                ]
              }
            },
            "constructInfo": {
              "fqn": "aws-cdk-lib.aws_iam.CfnUserToGroupAddition",
              "version": "2.47.0"
            }
          },
          "CDKMetadata": {
            "id": "CDKMetadata",
            "path": "CdkJavaStack/CDKMetadata",
            "children": {
              "Default": {
                "id": "Default",
                "path": "CdkJavaStack/CDKMetadata/Default",
                "constructInfo": {
                  "fqn": "aws-cdk-lib.CfnResource",
                  "version": "2.47.0"
                }
              }
            },
            "constructInfo": {
              "fqn": "constructs.Construct",
              "version": "10.1.231"
            }
          }
        },
        "constructInfo": {
          "fqn": "aws-cdk-lib.Stack",
          "version": "2.47.0"
        }
      }
    },
    "constructInfo": {
      "fqn": "aws-cdk-lib.App",
      "version": "2.47.0"
    }
  }
}